<?xml version="1.0" encoding="UTF-8"?>
<!DOCTYPE mapper PUBLIC "-//mybatis.org//DTD Mapper 3.0//EN" "http://mybatis.org/dtd/mybatis-3-mapper.dtd">
<mapper namespace="com.xuecheng.ucenter.mapper.XcUserMapper">

    <!-- 通用查询映射结果 -->
    <resultMap id="BaseResultMap" type="com.xuecheng.ucenter.model.po.XcUser">
        <id column="id" property="id" />
        <result column="username" property="username" />
        <result column="password" property="password" />
        <result column="salt" property="salt" />
        <result column="name" property="name" />
        <result column="nickname" property="nickname" />
        <result column="company_id" property="companyId" />
        <result column="wx_unionid" property="wxUnionid" />
        <result column="userpic" property="userpic" />
        <result column="utype" property="utype" />
        <result column="birthday" property="birthday" />
        <result column="sex" property="sex" />
        <result column="email" property="email" />
        <result column="cellphone" property="cellphone" />
        <result column="qq" property="qq" />
        <result column="status" property="status" />
        <result column="create_time" property="createTime" />
        <result column="update_time" property="updateTime" />
    </resultMap>

    <!-- 通用查询结果列 -->
    <sql id="Base_Column_List">
        id, username, password, salt, name,nickname,company_id, wx_unionid,userpic, utype, birthday, sex, email, cellphone, qq, status, create_time, update_time
    </sql>

</mapper>
